<addon id="repository.nusch" name="[COLOR red]Nusch Repo[/COLOR]" version="1.0.0" provider-name="Nusch">
	<extension point="xbmc.addon.repository" name="Nusch">
		<dir>
			<info compressed="false">https://raw.githubusercontent.com/nusch/nusch-repo/master/addons.xml</info>
			<checksum>https://raw.githubusercontent.com/nusch/nusch-repo/master/addons.xml.md5</checksum>
			<datadir zip="true">https://raw.githubusercontent.com/nusch/nusch-repo/master/</datadir>
		</dir>
	</extension>
	<extension point="xbmc.addon.metadata">
		<summary lang="en"></summary>
		<description lang="en">The Official Repo for Nusch</description>
	</extension>
</addon>