<sources>
    <programs>
        <default pathversion="1"></default>
    </programs>
    <video>
        <default pathversion="1"></default>
        <source>
            <name>Movies</name>
            <path pathversion="1">smb://kodi:xbmcmedia@192.168.1.2/Kodi/Movies/</path>
            <allowsharing>true</allowsharing>
        </source>
        <source>
            <name>TV Shows</name>
            <path pathversion="1">smb://kodi:xbmcmedia@192.168.1.2/Kodi/TV Shows/</path>
            <allowsharing>true</allowsharing>
        </source>
    </video>
    <music>
        <default pathversion="1"></default>
    </music>
    <pictures>
        <default pathversion="1"></default>
    </pictures>
    <files>
        <default pathversion="1"></default>
    </files>
    <games>
        <default pathversion="1"></default>
    </games>
</sources>
