<addon id="repository.nusch" name="[COLOR red]Nusch Repo[/COLOR]" version="1.0.2" provider-name="Nusch">
	<extension point="xbmc.addon.repository" name="Nusch">
		<dir>
			<info compressed="false">https://raw.githubusercontent.com/nusch/nusch-repo/master/addons.xml</info>
			<checksum>https://raw.githubusercontent.com/nusch/nusch-repo/master/addons.xml.md5</checksum>
			<datadir zip="true">https://raw.githubusercontent.com/nusch/nusch-repo/master/</datadir>
		</dir>
		<dir>
			<info compressed="false">https://raw.githubusercontent.com/totalrevolution/python-koding/master/zips/addons.xml</info>
			<checksum>https://raw.githubusercontent.com/totalrevolution/python-koding/master/zips/addons.xml.md5</checksum>
			<datadir zip="true">https://raw.githubusercontent.com/totalrevolution/python-koding/master/zips/</datadir>
		</dir>
		<dir>
  			<info compressed="false">https://raw.githubusercontent.com/teamuniversal/scrapers/master/_modules4all/zips/addons.xml</info>
  			<checksum>https://raw.githubusercontent.com/teamuniversal/scrapers/master/_modules4all/zips/addons.xml.md5</checksum>
  			<datadir zip="true">https://raw.githubusercontent.com/teamuniversal/scrapers/master/_modules4all/zips/</datadir>
 		</dir>
	    <dir>
			<info compressed="false">http://xdigital.xyz/zips/addons.xml</info>
			<checksum>http://xdigital.xyz/zips/addons.xml.md5</checksum>
			<datadir zip="true">http://xdigital.xyz/zips</datadir>
		</dir>
		<dir>
			<info compressed="false">https://raw.githubusercontent.com/jsergio123/zips/master/addons.xml</info>
			<checksum>https://raw.githubusercontent.com/jsergio123/zips/master/addons.xml.md5</checksum>
			<datadir zip="true">https://raw.githubusercontent.com/jsergio123/zips/master/</datadir>
		</dir>
		<dir>
			<info compressed="false">https://github.com/tvaddonsco/tva-resolvers-repo/raw/master/addons.xml</info>
			<checksum>https://github.com/tvaddonsco/tva-resolvers-repo/raw/master/addons.xml.md5</checksum>
			<datadir zip="true">https://github.com/tvaddonsco/tva-resolvers-repo/raw/master/zips/</datadir>
		</dir>
		<dir>
			<info compressed="false">https://raw.githubusercontent.com/kodibae/repository.kodibae/master/addons.xml</info>
			<checksum>https://raw.githubusercontent.com/kodibae/repository.kodibae/master/addons.xml.md5</checksum>
			<datadir zip="true">https://raw.githubusercontent.com/kodibae/repository.kodibae/master/</datadir>
		</dir>
		<dir minversion="16.0.0">
            <info compressed="false">https://github.com/primaeval/repository.primaeval/raw/master/jarvis/addons.xml</info>
            <checksum>https://github.com/primaeval/repository.primaeval/raw/master/jarvis/addons.xml.md5</checksum>
            <datadir zip="true">https://raw.github.com/primaeval/repository.primaeval/master/jarvis/</datadir>
        </dir>
        <dir minversion="17.0.0">
            <info compressed="false">https://github.com/primaeval/repository.primaeval/raw/master/krypton/addons.xml</info>
            <checksum>https://github.com/primaeval/repository.primaeval/raw/master/krypton/addons.xml.md5</checksum>
            <datadir zip="true">https://raw.github.com/primaeval/repository.primaeval/master/krypton/</datadir>
        </dir>
		<dir>
			<info compressed="false">https://github.com/tvaddonsco/tva-resolvers-repo/raw/master/addons.xml</info>
			<checksum>https://github.com/tvaddonsco/tva-resolvers-repo/raw/master/addons.xml.md5</checksum>
			<datadir zip="true">https://github.com/tvaddonsco/tva-resolvers-repo/raw/master/zips/</datadir>
		</dir>
		<dir>
			<info compressed="false">https://github.com/tvaddonsco/tva-release-repo/raw/master/addons.xml</info>
			<checksum>https://github.com/tvaddonsco/tva-release-repo/raw/master/addons.xml.md5</checksum>
			<datadir zip="true">https://github.com/tvaddonsco/tva-release-repo/raw/master/</datadir>
		</dir>
	</extension>
	<extension point="xbmc.addon.metadata">
		<summary lang="en"></summary>
		<description lang="en">The Official Repo for Nusch</description>
	</extension>
</addon>