<addon id="repository.nusch" name="[COLOR red]Nusch Repo[/COLOR]" version="1.0.2" provider-name="Nusch">
	<extension point="xbmc.addon.repository" name="Nusch">
		<dir>
			<info compressed="false">https://raw.githubusercontent.com/nusch/nusch-repo/master/addons.xml</info>
			<checksum>https://raw.githubusercontent.com/nusch/nusch-repo/master/addons.xml.md5</checksum>
			<datadir zip="true">https://raw.githubusercontent.com/nusch/nusch-repo/master/</datadir>
		</dir>
		<dir>
			<info compressed="false">https://raw.githubusercontent.com/jsergio123/zips/master/addons.xml</info>
			<checksum>https://raw.githubusercontent.com/jsergio123/zips/master/addons.xml.md5</checksum>
			<datadir zip="true">https://raw.githubusercontent.com/jsergio123/zips/master/</datadir>
		</dir>
		<dir>
			<info compressed="false">https://github.com/darknessally/tva-resolvers-repo/raw/master/addons.xml</info>
	        <checksum>https://github.com/darknessally/tva-resolvers-repo/raw/master/addons.xml.md5</checksum>
	        <datadir zip="true">https://github.com/darknessally/tva-resolvers-repo/raw/master/zips/</datadir>
		</dir>
		<dir>
			<info compressed="false">http://github.com/darknessally/firerises/raw/master/addons.xml</info>
			<checksum>http://github.com/darknessally/firerises/raw/master/addons.xml.md5</checksum>
			<datadir zip="true">http://github.com/darknessally/firerises/raw/master/zips</datadir>
		</dir>
		<dir>
			<info compressed="false">https://raw.githubusercontent.com/I-A-C/zips/master/addons.xml</info>
			<checksum>https://raw.githubusercontent.com/I-A-C/zips/master/addons.xml.md5</checksum>
			<datadir zip="true">https://raw.githubusercontent.com/I-A-C/zips/master/</datadir>
		</dir>
	</extension>
	<extension point="xbmc.addon.metadata">
		<summary lang="en"></summary>
		<description lang="en">The Official Repo for Nusch</description>
	</extension>
</addon>